{
  "n_matches": 64,
  "w_fit": [
    1.4128763811468819e-14,
    0.31932685788798154,
    0.6806731421120044
  ],
  "point_ll": {
    "fitted": 0.9978066333561206,
    "current_0.25/0.25/0.50": 1.0010500686634982,
    "market_only": 1.0009171989619252,
    "elo_only": 1.036019033229791,
    "dc_only": 1.0100785994681778,
    "equal_thirds": 1.0045813667926051
  },
  "ll_ci": {
    "fitted": [
      0.8580124505117948,
      1.152959432353008
    ],
    "current_0.25/0.25/0.50": [
      0.8649488063840376,
      1.1490378480466719
    ],
    "market_only": [
      0.8524730812866348,
      1.1662230761192034
    ],
    "elo_only": [
      0.8959924002481946,
      1.1950486372669038
    ],
    "dc_only": [
      0.8694977053052108,
      1.1568651286019753
    ],
    "equal_thirds": [
      0.870347778237622,
      1.1475821627934861
    ]
  },
  "w_fit_ci": {
    "elo": [
      0.0,
      0.44280615018116315
    ],
    "dc": [
      4.0139922555588554e-22,
      1.0
    ],
    "market": [
      3.403857216352928e-17,
      1.0
    ]
  },
  "w_fit_median": [
    8.652274077653688e-26,
    0.3064932818724262,
    0.6288956276721717
  ],
  "delta_fit_minus_market": {
    "mean": -0.0030597160303953946,
    "ci": [
      -0.022397716662537582,
      0.015549224254222543
    ],
    "p_fitted_beats_market": 0.602
  },
  "matched_fixtures": [
    "Qatar vs Ecuador",
    "Senegal vs Netherlands",
    "England vs Iran",
    "United States vs Wales",
    "Argentina vs Saudi Arabia",
    "Mexico vs Poland",
    "Denmark vs Tunisia",
    "France vs Australia",
    "Germany vs Japan",
    "Spain vs Costa Rica",
    "Morocco vs Croatia",
    "Belgium vs Canada",
    "Switzerland vs Cameroon",
    "Brazil vs Serbia",
    "Uruguay vs South Korea",
    "Portugal vs Ghana",
    "Qatar vs Senegal",
    "Netherlands vs Ecuador",
    "Wales vs Iran",
    "England vs United States",
    "Poland vs Saudi Arabia",
    "Argentina vs Mexico",
    "Tunisia vs Australia",
    "France vs Denmark",
    "Japan vs Costa Rica",
    "Spain vs Germany",
    "Belgium vs Morocco",
    "Croatia vs Canada",
    "Cameroon vs Serbia",
    "Brazil vs Switzerland",
    "South Korea vs Ghana",
    "Portugal vs Uruguay",
    "Ecuador vs Senegal",
    "Qatar vs Netherlands",
    "Wales vs England",
    "Iran vs United States",
    "Poland vs Argentina",
    "Saudi Arabia vs Mexico",
    "Australia vs Denmark",
    "Tunisia vs France",
    "Japan vs Spain",
    "Costa Rica vs Germany",
    "Croatia vs Belgium",
    "Canada vs Morocco",
    "Serbia vs Switzerland",
    "Cameroon vs Brazil",
    "Ghana vs Uruguay",
    "South Korea vs Portugal",
    "Netherlands vs United States",
    "Argentina vs Australia",
    "France vs Poland",
    "England vs Senegal",
    "Japan vs Croatia",
    "Brazil vs South Korea",
    "Morocco vs Spain",
    "Portugal vs Switzerland",
    "Croatia vs Brazil",
    "Netherlands vs Argentina",
    "Morocco vs Portugal",
    "England vs France",
    "Argentina vs Croatia",
    "France vs Morocco",
    "Croatia vs Morocco",
    "Argentina vs France"
  ]
}