{
  "holdout": "copa2024",
  "label": "Copa America 2024",
  "n_train": 47397,
  "n_matches": 32,
  "fit_secs": 120.2,
  "elo": [
    [
      0.8025313371745582,
      0.12860421825748844,
      0.0688644445679534
    ],
    [
      0.4023627066364085,
      0.28898846862714256,
      0.30864882473644895
    ],
    [
      0.5455220705242046,
      0.2542175491660046,
      0.20026038030979074
    ],
    [
      0.5662188457860045,
      0.24661262670271486,
      0.18716852751128074
    ],
    [
      0.7510628394173673,
      0.15833978582876218,
      0.09059737475387054
    ],
    [
      0.6695285364602102,
      0.20128008182549545,
      0.12919138171429445
    ],
    [
      0.7354918063541542,
      0.16695756136413598,
      0.09755063228170978
    ],
    [
      0.7821831937227726,
      0.14058085098249173,
      0.07723595529473566
    ],
    [
      0.373008132231774,
      0.291341945627952,
      0.335649922140274
    ],
    [
      0.07872408819473431,
      0.14263969584327474,
      0.778636215961991
    ],
    [
      0.6288548183698601,
      0.22047840430475416,
      0.15066677732538572
    ],
    [
      0.2982503580048934,
      0.2875013409663474,
      0.4142483010287592
    ],
    [
      0.5729139666756844,
      0.2440368403521335,
      0.18304919297218206
    ],
    [
      0.8200361189274167,
      0.1180830240323545,
      0.061880857040228845
    ],
    [
      0.7713087807153182,
      0.14686507458006398,
      0.08182614470461787
    ],
    [
      0.11719120243707526,
      0.1891612005055915,
      0.6936475970573333
    ],
    [
      0.8107001947012358,
      0.12371888025772869,
      0.0655809250410355
    ],
    [
      0.4150190599937098,
      0.2873948005999912,
      0.297586139406299
    ],
    [
      0.32567226998358945,
      0.2907167198708226,
      0.38361101014558796
    ],
    [
      0.3075344743487233,
      0.2888451401375001,
      0.4036203855137766
    ],
    [
      0.2933308460913848,
      0.2866786579962801,
      0.41999049591233506
    ],
    [
      0.21797662336030077,
      0.2631765746284389,
      0.5188468020112603
    ],
    [
      0.4002941714962933,
      0.2892168598406285,
      0.3104889686630782
    ],
    [
      0.3407380441731551,
      0.291555053553744,
      0.3677069022731009
    ],
    [
      0.6855967456904165,
      0.19326414482017357,
      0.12113910948940992
    ],
    [
      0.3789676674848711,
      0.291022726598841,
      0.3300096059162879
    ],
    [
      0.3479726368325107,
      0.2917386304710712,
      0.36028873269641815
    ],
    [
      0.6909019903230296,
      0.19056681416525215,
      0.11853119551171828
    ],
    [
      0.8025313371745582,
      0.12860421825748844,
      0.0688644445679534
    ],
    [
      0.3623349331213044,
      0.2917015275653226,
      0.34596353931337304
    ],
    [
      0.16392069307548396,
      0.2308584721003889,
      0.6052208348241271
    ],
    [
      0.5353216254510863,
      0.25775907186301716,
      0.20691930268589656
    ]
  ],
  "dc": [
    [
      0.7591498843930671,
      0.17109127922184147,
      0.06975883638509152
    ],
    [
      0.27706782247531275,
      0.3194899821592455,
      0.40344219536544174
    ],
    [
      0.46612105169717977,
      0.2917122956611485,
      0.2421666526416717
    ],
    [
      0.6736974657621271,
      0.2217631390569719,
      0.10453939518090088
    ],
    [
      0.671374528439212,
      0.20337812756275783,
      0.12524734399802984
    ],
    [
      0.6943702086454506,
      0.21059163353852883,
      0.09503815781602089
    ],
    [
      0.5067424577132748,
      0.31336360749440717,
      0.17989393479231794
    ],
    [
      0.8087112084257306,
      0.14273105040020245,
      0.04855774117406673
    ],
    [
      0.4606375885188736,
      0.30714781371392463,
      0.23221459776720177
    ],
    [
      0.17075057687803308,
      0.2645271186345179,
      0.564722304487449
    ],
    [
      0.6591656038654345,
      0.2313059276108145,
      0.10952846852375077
    ],
    [
      0.23552168124949882,
      0.28502857850262114,
      0.47944974024788
    ],
    [
      0.6705089426111893,
      0.2131914265061994,
      0.1162996308826113
    ],
    [
      0.6983407059448618,
      0.1999419236491296,
      0.10171737040600873
    ],
    [
      0.6233302566896024,
      0.2552914237504569,
      0.1213783195599408
    ],
    [
      0.08663847327039381,
      0.21078465083110742,
      0.7025768758984987
    ],
    [
      0.6118311545736728,
      0.2576589871385159,
      0.1305098582878115
    ],
    [
      0.18233046216608534,
      0.26520876822199824,
      0.5524607696119164
    ],
    [
      0.3601431046980062,
      0.29738498777617356,
      0.34247190752582013
    ],
    [
      0.17623468695127414,
      0.285942242294533,
      0.537823070754193
    ],
    [
      0.3061703926667191,
      0.2832832874832642,
      0.41054631985001677
    ],
    [
      0.3684423350776743,
      0.30600876318937503,
      0.32554890173295037
    ],
    [
      0.5076458075260721,
      0.29806699081723587,
      0.19428720165669197
    ],
    [
      0.2476662901888793,
      0.3221775866373151,
      0.4301561231738055
    ],
    [
      0.5877474281453956,
      0.25502873923814356,
      0.15722383261646078
    ],
    [
      0.4052012821811393,
      0.30167767517555233,
      0.2931210426433084
    ],
    [
      0.17677519722147989,
      0.2658867001924352,
      0.5573381025860847
    ],
    [
      0.6897119936098484,
      0.22263150591214867,
      0.08765650047800311
    ],
    [
      0.7591498843930671,
      0.17109127922184147,
      0.06975883638509152
    ],
    [
      0.3133731342326096,
      0.3259383251460975,
      0.36068854062129274
    ],
    [
      0.12844419082055392,
      0.23046660883262504,
      0.6410892003468209
    ],
    [
      0.43025723014128914,
      0.3201944993429938,
      0.24954827051571693
    ]
  ],
  "y": [
    0,
    1,
    2,
    0,
    0,
    0,
    0,
    1,
    2,
    2,
    0,
    0,
    2,
    0,
    0,
    2,
    0,
    1,
    1,
    2,
    2,
    2,
    1,
    0,
    1,
    1,
    1,
    0,
    0,
    2,
    1,
    0
  ],
  "matches": [
    {
      "date": "2024-06-20",
      "home": "Argentina",
      "away": "Canada",
      "neutral": true,
      "score": "2-0"
    },
    {
      "date": "2024-06-21",
      "home": "Peru",
      "away": "Chile",
      "neutral": true,
      "score": "0-0"
    },
    {
      "date": "2024-06-22",
      "home": "Ecuador",
      "away": "Venezuela",
      "neutral": true,
      "score": "1-2"
    },
    {
      "date": "2024-06-22",
      "home": "Mexico",
      "away": "Jamaica",
      "neutral": true,
      "score": "1-0"
    },
    {
      "date": "2024-06-23",
      "home": "United States",
      "away": "Bolivia",
      "neutral": false,
      "score": "2-0"
    },
    {
      "date": "2024-06-23",
      "home": "Uruguay",
      "away": "Panama",
      "neutral": true,
      "score": "3-1"
    },
    {
      "date": "2024-06-24",
      "home": "Colombia",
      "away": "Paraguay",
      "neutral": true,
      "score": "2-1"
    },
    {
      "date": "2024-06-24",
      "home": "Brazil",
      "away": "Costa Rica",
      "neutral": true,
      "score": "0-0"
    },
    {
      "date": "2024-06-25",
      "home": "Peru",
      "away": "Canada",
      "neutral": true,
      "score": "0-1"
    },
    {
      "date": "2024-06-25",
      "home": "Chile",
      "away": "Argentina",
      "neutral": true,
      "score": "0-1"
    },
    {
      "date": "2024-06-26",
      "home": "Ecuador",
      "away": "Jamaica",
      "neutral": true,
      "score": "3-1"
    },
    {
      "date": "2024-06-26",
      "home": "Venezuela",
      "away": "Mexico",
      "neutral": true,
      "score": "1-0"
    },
    {
      "date": "2024-06-27",
      "home": "United States",
      "away": "Panama",
      "neutral": false,