{
  "holdout": "euro2024",
  "label": "Euro 2024",
  "n_train": 47371,
  "n_matches": 51,
  "fit_secs": 125.9,
  "elo": [
    [
      0.7166851219507866,
      0.17712571000599875,
      0.1061891680432147
    ],
    [
      0.3909406180444521,
      0.29015997454874765,
      0.31889940740680023
    ],
    [
      0.44786769353935574,
      0.28179354895527775,
      0.2703387575053665
    ],
    [
      0.7633230616055999,
      0.1514360593944316,
      0.0852408789999684
    ],
    [
      0.2755799411083911,
      0.2830739487980236,
      0.44134611009358526
    ],
    [
      0.1937719914061825,
      0.2505869020736671,
      0.5556411065201504
    ],
    [
      0.1533373348271585,
      0.22268461763508507,
      0.6239780475377564
    ],
    [
      0.16681148397337497,
      0.23301186610878521,
      0.6001766499178398
    ],
    [
      0.18987842262106736,
      0.24828822714214782,
      0.5618333502367848
    ],
    [
      0.7537992321269253,
      0.15681624023519253,
      0.08938452763788213
    ],
    [
      0.4996575204086624,
      0.2690138988524783,
      0.23132858073885929
    ],
    [
      0.6600881966963417,
      0.20589283515837128,
      0.134018968145287
    ],
    [
      0.6567406206781077,
      0.20750351829154864,
      0.13575586103034362
    ],
    [
      0.3268130070644508,
      0.29083082315253034,
      0.38235616978301884
    ],
    [
      0.7705617211850281,
      0.14730282659999128,
      0.08213545221498063
    ],
    [
      0.4579025461293532,
      0.27967294278853383,
      0.26242451108211295
    ],
    [
      0.29140420910361464,
      0.2863645212982628,
      0.42223126959812257
    ],
    [
      0.20623605987847138,
      0.25743549670325594,
      0.5363284434182727
    ],
    [
      0.2672170818746583,
      0.28098432310688987,
      0.4517985950184518
    ],
    [
      0.2873024433155318,
      0.28559259124665015,
      0.42710496543781806
    ],
    [
      0.21487700704160795,
      0.2617450025713475,
      0.5233779903870446
    ],
    [
      0.7814274806670177,
      0.14102885695973677,
      0.0775436623732455
    ],
    [
      0.2596725345097989,
      0.27888156461762376,
      0.46144590087257736
    ],
    [
      0.15281015822395205,
      0.22225817894654254,
      0.6249316628295054
    ],
    [
      0.6620723356750786,
      0.2049331408621,
      0.1329945234628214
    ],
    [
      0.3216116485776087,
      0.2904102653335925,
      0.3879780860887988
    ],
    [
      0.08290644563666116,
      0.14833718140613683,
      0.768756372957202
    ],
    [
      0.3949385497877471,
      0.28979131207302317,
      0.3152701381392297
    ],
    [
      0.7136049817398648,
      0.17876218320926018,
      0.10763283505087505
    ],
    [
      0.403914588192437,
      0.2888367795858766,
      0.3072486322216864
    ],
    [
      0.5579320657531202,
      0.24974214625174715,
      0.19232578799513275
    ],
    [
      0.7713382058473836,
      0.1468572352174128,
      0.08180455893520366
    ],
    [
      0.4226084560515535,
      0.2863064546822727,
      0.29108508926617377
    ],
    [
      0.2271446317906537,
      0.26727795426824785,
      0.5055774139410985
    ],
    [
      0.10170164281194694,
      0.1719319907470801,
      0.726366366440973
    ],
    [
      0.41283457051920913,
      0.2877188822873193,
      0.2994465471934716
    ],
    [
      0.2309973435703634,
      0.2688791997378782,
      0.5001234566917584
    ],
    [
      0.6371506862664296,
      0.21671065591325236,
      0.14613865782031812
    ],
    [
      0.7547186896817759,
      0.15629972852755136,
      0.08898158179067278
    ],
    [
      0.7860816925403891,
      0.13831637242925704,
      0.0756019350303539
    ],
    [
      0.4872910304516114,
      0.27246593703004607,
      0.24024303251834256
    ],
    [
      0.71083836571574,
      0.18022543394922821,
      0.10893620033503185
    ],
    [
      0.10128414075427283,
      0.17144046615059616,
      0.727275393095131
    ],
    [
      0.5155009568994532,
      0.2642504168609727,
      0.2202486262395741
    ],
    [
      0.4106313932580231,
      0.28801039940513234,
      0.30135820733684454
    ],
    [
      0.29071966517855197,
      0.28623955217821,
      0.423040782643238
    ],
    [
      0.627869686129422,
      0.22093837368173852,
      0.15119194018883958
    ],
    [
      0.6817655852313582,
      0.19520953397909901,
      0.12302488078954278
    ],
    [
      0.3026557590632766,
      0.2882017152075796,
      0.40914252572914384
    ],
    [
      0.378192124679558,
      0.29109565431645396,
      0.33071222100398806
    ],
    [
      0.3957057708500006,
      0.28971654309183154,
      0.3145776860581679
    ]
  ],