{
  "grid": [
    0.0,
    0.05,
    0.1,
    0.15,
    0.2,
    0.25,
    0.3,
    0.35,
    0.4,
    0.45,
    0.5,
    0.55,
    0.6,
    0.65,
    0.7,
    0.75,
    0.8,
    0.85,
    0.9,
    0.95,
    1.0
  ],
  "curves": {
    "wc2018": [
      0.9597051311260189,
      0.959820096614979,
      0.9600739347636558,
      0.960465679736337,
      0.9609946726970144,
      0.961660554696991,
      0.9624632627543829,
      0.9634030290353779,
      0.9644803831293961,
      0.9656961574928349,
      0.9670514962230525,
      0.968547867420255,
      0.9701870795054112,
      0.9719713019939477,
      0.9739030913864583,
      0.9759854230406735,
      0.9782217301494437,
      0.9806159512898932,
      0.9831725884611571,
      0.985896778138624,
      0.9887943787099366
    ],
    "wc2022": [
      1.0100785994681778,
      1.0102085705546955,
      1.0104602000498364,
      1.010832267300498,
      1.0113239082219159,
      1.0119345962443742,
      1.0126641286517613,
      1.0135126177383516,
      1.0144804863965426,
      1.0155684679075736,
      1.016777609850384,
      1.0181092821798636,
      1.019565189663177,
      1.0211473890101082,
      1.0228583111998002,
      1.024700789703108,
      1.0266780955414079,
      1.0287939804282993,
      1.031052729636736,
      1.0334592267584517,
      1.036019033229791
    ],
    "euro2024": [
      0.9831395814591739,
      0.9847375468388024,
      0.9864567761559363,
      0.988298745988784,
      0.9902652031255923,
      0.9923581763416465,
      0.9945799910580618,
      0.9969332871629155,
      0.9994210403559127,
      1.0020465874727316,
      1.0048136563591903,
      1.0077264010044527,
      1.0107894428145356,
      1.0140079191228413,
      1.0173875403073152,
      1.0209346572331846,
      1.0246563411923113,
      1.0285604791015492,
      1.0326558875048346,
      1.0369524499710752,
      1.0414612838999207
    ],
    "copa2024": [
      0.9371044094032401,
      0.9319456068702849,
      0.9269315354010201,
      0.922057073408854,
      0.917317474834416,
      0.9127083365106705,
      0.9082255693807345,
      0.9038653730450514,
      0.8996242131988317,
      0.8954988015898041,
      0.8914860781833609,
      0.8875831952695017,
      0.8837875032854563,
      0.8800965381609669,
      0.876508010021116,
      0.8730197931052477,
      0.8696299167806971,
      0.8663365575473405,
      0.8631380319439179,
      0.8600327902800566,
      0.8570194111293101
    ]
  },
  "fold_opt": {
    "wc2018": 0.0,
    "wc2022": 0.0,
    "euro2024": 0.0,
    "copa2024": 1.0
  },
  "component_ll": {
    "wc2018": {
      "elo_only": 0.9887943787099366,
      "dc_only": 0.9597051311260189
    },
    "wc2022": {
      "elo_only": 1.036019033229791,
      "dc_only": 1.0100785994681778
    },
    "euro2024": {
      "elo_only": 1.0414612838999207,
      "dc_only": 0.9831395814591738
    },
    "copa2024": {
      "elo_only": 0.8570194111293101,
      "dc_only": 0.9371044094032402
    }
  },
  "loto": {
    "wc2018": {
      "w_elo_chosen": 0.25,
      "test_ll_blend": 0.961660554696991,
      "test_ll_elo_only": 0.9887943787099366,
      "test_ll_dc_only": 0.9597051311260189
    },
    "wc2022": {
      "w_elo_chosen": 0.2,
      "test_ll_blend": 1.0113239082219159,
      "test_ll_elo_only": 1.036019033229791,
      "test_ll_dc_only": 1.0100785994681778
    },
    "euro2024": {
      "w_elo_chosen": 0.4,
      "test_ll_blend": 0.9994210403559127,
      "test_ll_elo_only": 1.0414612838999207,
      "test_ll_dc_only": 0.9831395814591738
    },
    "copa2024": {
      "w_elo_chosen": 0.0,
      "test_ll_blend": 0.9371044094032401,
      "test_ll_elo_only": 0.8570194111293101,
      "test_ll_dc_only": 0.9371044094032402
    }
  },
  "w_elo_pooled": 0.15,
  "pooled_curve_all": [
    0.9772209408215646,
    0.9768990948222143,
    0.9767075324400422,
    0.9766451706391884,
    0.976711249919043,
    0.9769053242749421,
    0.9772272550433075,
    0.9776772084183366,
    0.9782556565411102,
    0.9789633821687639,
    0.9798014870373754,
    0.9807714041434065,
    0.9818749142913059,
    0.983114167396566,
    0.9844917092031722,
    0.9860105142837079,
    0.9876740264549984,
    0.9894862080836884,
    0.9914516002048204,
    0.993575395975827,
    0.995863530801784
  ],
  "cv_test_ll_blend": 0.9773774781695148,
  "cv_test_ll_elo_only": 0.9808235267422396,
  "cv_test_ll_dc_only": 0.9725069303641527,
  "n_per_holdout": {
    "wc2018": 64,
    "wc2022": 64,
    "euro2024": 51,
    "copa2024": 32
  },
  "n_total": 211
}